,value__sum_values,value__median,value__mean,value__maximum,value__minimum,y,cat
0,-0.58882,-0.58882,-0.58882,-0.58882,-0.58882,0.0,0.0
1,-0.27077,-0.27077,-0.27077,-0.27077,-0.27077,0.0,-0.027071
2,0.19087,0.19087,0.19087,0.19087,0.19087,-0.027071,-0.0052826
3,0.25434,0.25434,0.25434,0.25434,0.25434,-0.0052826,0.020677
4,0.41568,0.41568,0.41568,0.41568,0.41568,0.020677,0.060107
5,0.2262,0.2262,0.2262,0.2262,0.2262,0.060107,0.076632
6,0.24962,0.24962,0.24962,0.24962,0.24962,0.076632,0.093791
7,0.056544,0.056544,0.056544,0.056544,0.056544,0.093791,0.09007
8,0.17753,0.17753,0.17753,0.17753,0.17753,0.09007,0.098714
9,0.11362,0.11362,0.11362,0.11362,0.11362,0.098714,0.10016
10,0.31915,0.31915,0.31915,0.31915,0.31915,0.10016,0.12175
11,0.24398,0.24398,0.24398,0.24398,0.24398,0.12175,0.13372
12,0.33762,0.33762,0.33762,0.33762,0.33762,0.13372,0.15361
13,0.094201,0.094201,0.094201,0.094201,0.094201,0.15361,0.14769
14,0.03944,0.03944,0.03944,0.03944,0.03944,0.14769,0.13697
15,-0.25481,-0.25481,-0.25481,-0.25481,-0.25481,0.13697,0.098254
16,-0.2154,-0.2154,-0.2154,-0.2154,-0.2154,0.098254,0.067074
17,-0.27436,-0.27436,-0.27436,-0.27436,-0.27436,0.067074,0.033009
18,0.084471,0.084471,0.084471,0.084471,0.084471,0.033009,0.038148
19,0.33735,0.33735,0.33735,0.33735,0.33735,0.038148,0.06798
20,0.90588,0.90588,0.90588,0.90588,0.90588,0.06798,0.15071
21,1.2025,1.2025,1.2025,1.2025,1.2025,0.15071,0.25149
22,1.6382,1.6382,1.6382,1.6382,1.6382,0.25149,0.37623
23,1.6712,1.6712,1.6712,1.6712,1.6712,0.37623,0.48162
24,1.7979,1.7979,1.7979,1.7979,1.7979,0.48162,0.57651
25,1.5696,1.5696,1.5696,1.5696,1.5696,0.57651,0.63845
26,1.5502,1.5502,1.5502,1.5502,1.5502,0.63845,0.68858
27,1.3105,1.3105,1.3105,1.3105,1.3105,0.68858,0.71696
28,1.3811,1.3811,1.3811,1.3811,1.3811,0.71696,0.74518
29,1.2634,1.2634,1.2634,1.2634,1.2634,0.74518,0.76328
30,1.4119,1.4119,1.4119,1.4119,1.4119,0.76328,0.78652
31,1.2766,1.2766,1.2766,1.2766,1.2766,0.78652,0.80002
32,1.3074,1.3074,1.3074,1.3074,1.3074,0.80002,0.81331
33,0.99843,0.99843,0.99843,0.99843,0.99843,0.81331,0.81052
34,0.87584,0.87584,0.87584,0.87584,0.87584,0.81052,0.8021
35,0.51168,0.51168,0.51168,0.51168,0.51168,0.8021,0.77619
36,0.47935,0.47935,0.47935,0.47935,0.47935,0.77619,0.74995
37,0.34712,0.34712,0.34712,0.34712,0.34712,0.74995,0.71773
38,0.63139,0.63139,0.63139,0.63139,0.63139,0.71773,0.70385
39,0.80871,0.80871,0.80871,0.80871,0.80871,0.70385,0.70151
40,1.301,1.301,1.301,1.301,1.301,0.70151,0.72754
41,1.5209,1.5209,1.5209,1.5209,1.5209,0.72754,0.76161
42,1.8797,1.8797,1.8797,1.8797,1.8797,0.76161,0.80794
43,1.836,1.836,1.836,1.836,1.836,0.80794,0.84421
44,1.8864,1.8864,1.8864,1.8864,1.8864,0.84421,0.87657
45,1.5825,1.5825,1.5825,1.5825,1.5825,0.87657,0.89189
46,1.4884,1.4884,1.4884,1.4884,1.4884,0.89189,0.90159
47,1.1752,1.1752,1.1752,1.1752,1.1752,0.90159,0.89815
48,1.1739,1.1739,1.1739,1.1739,1.1739,0.89815,0.89497
49,0.98604,0.98604,0.98604,0.98604,0.98604,0.89497,0.88462
50,1.0663,1.0663,1.0663,1.0663,1.0663,0.88462,0.87836
51,0.86514,0.86514,0.86514,0.86514,0.86514,0.87836,0.86425
52,0.83241,0.83241,0.83241,0.83241,0.83241,0.86425,0.84971
53,0.46275,0.46275,0.46275,0.46275,0.46275,0.84971,0.81928
54,0.28232,0.28232,0.28232,0.28232,0.28232,0.81928,0.78107
55,-0.13657,-0.13657,-0.13657,-0.13657,-0.13657,0.78107,0.72086
56,-0.22032,-0.22032,-0.22032,-0.22032,-0.22032,0.72086,0.65536
57,-0.40053,-0.40053,-0.40053,-0.40053,-0.40053,0.65536,0.57762
58,-0.1606,-0.1606,-0.1606,-0.1606,-0.1606,0.57762,0.51848
59,-0.023852,-0.023852,-0.023852,-0.023852,-0.023852,0.51848,0.47249
60,0.43172,0.43172,0.43172,0.43172,0.43172,0.47249,0.46617
61,0.61893,0.61893,0.61893,0.61893,0.61893,0.46617,0.47537
62,0.94916,0.94916,0.94916,0.94916,0.94916,0.47537,0.5091
63,0.88111,0.88111,0.88111,0.88111,0.88111,0.5091,0.53339
64,0.9113,0.9113,0.9113,0.9113,0.9113,0.53339,0.55684
65,0.59148,0.59148,0.59148,0.59148,0.59148,0.55684,0.5546
66,0.48583,0.48583,0.48583,0.48583,0.48583,0.5546,0.54488
67,0.1654,0.1654,0.1654,0.1654,0.1654,0.54488,0.51202
68,0.16118,0.16118,0.16118,0.16118,0.16118,0.51202,0.48104
69,-0.025346,-0.025346,-0.025346,-0.025346,-0.025346,0.48104,0.43707
70,0.060553,0.060553,0.060553,0.060553,0.060553,0.43707,0.40318
71,-0.13087,-0.13087,-0.13087,-0.13087,-0.13087,0.40318,0.35508
72,-0.14969,-0.14969,-0.14969,-0.14969,-0.14969,0.35508,0.30857
73,-0.50143,-0.50143,-0.50143,-0.50143,-0.50143,0.30857,0.23245
74,-0.66002,-0.66002,-0.66002,-0.66002,-0.66002,0.23245,0.14601
75,-1.0533,-1.0533,-1.0533,-1.0533,-1.0533,0.14601,0.02702
76,-1.1077,-1.1077,-1.1077,-1.1077,-1.1077,0.02702,-0.086234
77,-1.2551,-1.2551,-1.2551,-1.2551,-1.2551,-0.086234,-0.20058
78,-0.97906,-0.97906,-0.97906,-0.97906,-0.97906,-0.20058,-0.27384
79,-0.80302,-0.80302,-0.80302,-0.80302,-0.80302,-0.27384,-0.32154
80,-0.30517,-0.30517,-0.30517,-0.30517,-0.30517,-0.32154,-0.31903
81,-0.072928,-0.072928,-0.072928,-0.072928,-0.072928,-0.31903,-0.29565
82,0.3049,0.3049,0.3049,0.3049,0.3049,-0.29565,-0.23897
83,0.28678,0.28678,0.28678,0.28678,0.28678,-0.23897,-0.18833
84,0.369,0.369,0.369,0.369,0.369,-0.18833,-0.13382
85,0.10308,0.10308,0.10308,0.10308,0.10308,-0.13382,-0.1104
86,0.052937,0.052937,0.052937,0.052937,0.052937,-0.1104,-0.094197
87,-0.21062,-0.21062,-0.21062,-0.21062,-0.21062,-0.094197,-0.1057
88,-0.15686,-0.15686,-0.15686,-0.15686,-0.15686,-0.1057,-0.11071
89,-0.28456,-0.28456,-0.28456,-0.28456,-0.28456,-0.11071,-0.12781
90,-0.13925,-0.13925,-0.13925,-0.13925,-0.13925,-0.12781,-0.12886
91,-0.27094,-0.27094,-0.27094,-0.27094,-0.27094,-0.12886,-0.14274
92,-0.22998,-0.22998,-0.22998,-0.22998,-0.22998,-0.14274,-0.15118
93,-0.52215,-0.52215,-0.52215,-0.52215,-0.52215,-0.15118,-0.18711
94,-0.62165,-0.62165,-0.62165,-0.62165,-0.62165,-0.18711,-0.2285
95,-0.95655,-0.95655,-0.95655,-0.95655,-0.95655,-0.2285,-0.296
96,-0.95367,-0.95367,-0.95367,-0.95367,-0.95367,-0.296,-0.35423
97,-1.045,-1.045,-1.045,-1.045,-1.045,-0.35423,-0.41228
98,-0.7143,-0.7143,-0.7143,-0.7143,-0.7143,-0.41228,-0.43529
99,-0.48539,-0.48539,-0.48539,-0.48539,-0.48539,-0.43529,-0.43696
100,0.063346,0.063346,0.063346,0.063346,0.063346,-0.43696,-0.39254
101,0.34428,0.34428,0.34428,0.34428,0.34428,-0.39254,-0.32612
102,0.76839,0.76839,0.76839,0.76839,0.76839,-0.32612,-0.22373
103,0.79394,0.79394,0.79394,0.79394,0.79394,-0.22373,-0.12474
104,0.91702,0.91702,0.91702,0.91702,0.91702,-0.12474,-0.021148
105,0.68896,0.68896,0.68896,0.68896,0.68896,-0.021148,0.049819
106,0.67353,0.67353,0.67353,0.67353,0.67353,0.049819,0.11176
107,0.44137,0.44137,0.44137,0.44137,0.44137,0.11176,0.14414
108,0.52308,0.52308,0.52308,0.52308,0.52308,0.14414,0.18094
109,0.41974,0.41974,0.41974,0.41974,0.41974,0.18094,0.20375
110,0.58572,0.58572,0.58572,0.58572,0.58572,0.20375,0.23982
111,0.47091,0.47091,0.47091,0.47091,0.47091,0.23982,0.26107
112,0.52489,0.52489,0.52489,0.52489,0.52489,0.26107,0.28496
113,0.2418,0.2418,0.2418,0.2418,0.2418,0.28496,0.28025
114,0.14741,0.14741,0.14741,0.14741,0.14741,0.28025,0.26723
115,-0.18639,-0.18639,-0.18639,-0.18639,-0.18639,0.26723,0.22395
116,-0.18641,-0.18641,-0.18641,-0.18641,-0.18641,0.22395,0.18423
117,-0.28465,-0.28465,-0.28465,-0.28465,-0.28465,0.18423,0.13836
118,0.0351,0.0351,0.0351,0.0351,0.0351,0.13836,0.12813
119,0.24913,0.24913,0.24913,0.24913,0.24913,0.12813,0.13994
120,0.77909,0.77909,0.77909,0.77909,0.77909,0.13994,0.2019
121,1.0374,1.0374,1.0374,1.0374,1.0374,0.2019,0.28037
122,1.4352,1.4352,1.4352,1.4352,1.4352,0.28037,0.38281
123,1.4307,1.4307,1.4307,1.4307,1.4307,0.38281,0.46803
124,1.5203,1.5203,1.5203,1.5203,1.5203,0.46803,0.54553
125,1.2553,1.2553,1.2553,1.2553,1.2553,0.54553,0.59155
126,1.1998,1.1998,1.1998,1.1998,1.1998,0.59155,0.62705
127,0.9244,0.9244,0.9244,0.9244,0.9244,0.62705,0.64002
128,0.96,0.96,0.96,0.96,0.96,0.64002,0.65374
129,0.80784,0.80784,0.80784,0.80784,0.80784,0.65374,0.65636
130,0.92248,0.92248,0.92248,0.92248,0.92248,0.65636,0.66584
131,0.75404,0.75404,0.75404,0.75404,0.75404,0.66584,0.6639
132,0.75229,0.75229,0.75229,0.75229,0.75229,0.6639,0.66203
133,0.41164,0.41164,0.41164,0.41164,0.41164,0.66203,0.63874
134,0.25808,0.25808,0.25808,0.25808,0.25808,0.63874,0.60678
135,-0.13626,-0.13626,-0.13626,-0.13626,-0.13626,0.60678,0.54854
136,-0.19794,-0.19794,-0.19794,-0.19794,-0.19794,0.54854,0.48751
137,-0.35868,-0.35868,-0.35868,-0.35868,-0.35868,0.48751,0.4156
138,-0.10204,-0.10204,-0.10204,-0.10204,-0.10204,0.4156,0.36922
139,0.048571,0.048571,0.048571,0.048571,0.048571,0.36922,0.33946
140,0.51505,0.51505,0.51505,0.51505,0.51505,0.33946,0.35378
141,0.71011,0.71011,0.71011,0.71011,0.71011,0.35378,0.38343
142,1.0451,1.0451,1.0451,1.0451,1.0451,0.38343,0.43737
143,0.9786,0.9786,0.9786,0.9786,0.9786,0.43737,0.47847
144,1.0071,1.0071,1.0071,1.0071,1.0071,0.47847,0.51619
145,0.68244,0.68244,0.68244,0.68244,0.68244,0.51619,0.52484
146,0.56867,0.56867,0.56867,0.56867,0.56867,0.52484,0.52407
147,0.23689,0.23689,0.23689,0.23689,0.23689,0.52407,0.49812
148,0.21811,0.21811,0.21811,0.21811,0.21811,0.49812,0.47264
149,0.013858,0.013858,0.013858,0.013858,0.013858,0.47264,0.43242
150,0.078924,0.078924,0.078924,0.078924,0.078924,0.43242,0.40042
151,-0.13636,-0.13636,-0.13636,-0.13636,-0.13636,0.40042,0.35202
152,-0.182,-0.182,-0.182,-0.182,-0.182,0.35202,0.30278
153,-0.5634,-0.5634,-0.5634,-0.5634,-0.5634,0.30278,0.22113
154,-0.75437,-0.75437,-0.75437,-0.75437,-0.75437,0.22113,0.12622
155,-1.1826,-1.1826,-1.1826,-1.1826,-1.1826,0.12622,-0.0040552
156,-1.2745,-1.2745,-1.2745,-1.2745,-1.2745,-0.0040552,-0.13035
157,-1.4616,-1.4616,-1.4616,-1.4616,-1.4616,-0.13035,-0.25825
158,-1.2273,-1.2273,-1.2273,-1.2273,-1.2273,-0.25825,-0.34597
159,-1.095,-1.095,-1.095,-1.095,-1.095,-0.34597,-0.4094
160,-0.64269,-0.64269,-0.64269,-0.64269,-0.64269,-0.4094,-0.42684
161,-0.45747,-0.45747,-0.45747,-0.45747,-0.45747,-0.42684,-0.42706
162,-0.12798,-0.12798,-0.12798,-0.12798,-0.12798,-0.42706,-0.39963
163,-0.19553,-0.19553,-0.19553,-0.19553,-0.19553,-0.39963,-0.38023
164,-0.16361,-0.16361,-0.16361,-0.16361,-0.16361,-0.38023,-0.35971
165,-0.48045,-0.48045,-0.48045,-0.48045,-0.48045,-0.35971,-0.36882
166,-0.5819,-0.5819,-0.5819,-0.5819,-0.5819,-0.36882,-0.38571
167,-0.8969,-0.8969,-0.8969,-0.8969,-0.8969,-0.38571,-0.42711
168,-0.89447,-0.89447,-0.89447,-0.89447,-0.89447,-0.42711,-0.4629
169,-1.0731,-1.0731,-1.0731,-1.0731,-1.0731,-0.4629,-0.5078
170,-0.97815,-0.97815,-0.97815,-0.97815,-0.97815,-0.5078,-0.53942
171,-1.1593,-1.1593,-1.1593,-1.1593,-1.1593,-0.53942,-0.57967
172,-1.1666,-1.1666,-1.1666,-1.1666,-1.1666,-0.57967,-0.61467
173,-1.5057,-1.5057,-1.5057,-1.5057,-1.5057,-0.61467,-0.66607
174,-1.6505,-1.6505,-1.6505,-1.6505,-1.6505,-0.66607,-0.71733
175,-2.0288,-2.0288,-2.0288,-2.0288,-2.0288,-0.71733,-0.77936
176,-2.0672,-2.0672,-2.0672,-2.0672,-2.0672,-0.77936,-0.83113
177,-2.1974,-2.1974,-2.1974,-2.1974,-2.1974,-0.83113,-0.87854
178,-1.903,-1.903,-1.903,-1.903,-1.903,-0.87854,-0.90598
179,-1.7076,-1.7076,-1.7076,-1.7076,-1.7076,-0.90598,-0.92208
180,-1.1893,-1.1893,-1.1893,-1.1893,-1.1893,-0.92208,-0.91732
181,-0.93558,-0.93558,-0.93558,-0.93558,-0.93558,-0.91732,-0.90338
182,-0.53524,-0.53524,-0.53524,-0.53524,-0.53524,-0.90338,-0.87424
183,-0.52985,-0.52985,-0.52985,-0.52985,-0.52985,-0.87424,-0.84592
184,-0.42316,-0.42316,-0.42316,-0.42316,-0.42316,-0.84592,-0.81377
185,-0.66365,-0.66365,-0.66365,-0.66365,-0.66365,-0.81377,-0.79478
186,-0.68744,-0.68744,-0.68744,-0.68744,-0.68744,-0.79478,-0.77824
187,-0.92376,-0.92376,-0.92376,-0.92376,-0.92376,-0.77824,-0.77509
188,-0.84188,-0.84188,-0.84188,-0.84188,-0.84188,-0.77509,-0.76801
189,-0.94062,-0.94062,-0.94062,-0.94062,-0.94062,-0.76801,-0.7667
190,-0.76554,-0.76554,-0.76554,-0.76554,-0.76554,-0.7667,-0.75635
191,-0.86668,-0.86668,-0.86668,-0.86668,-0.86668,-0.75635,-0.75227
192,-0.79443,-0.79443,-0.79443,-0.79443,-0.79443,-0.75227,-0.74467
193,-1.0546,-1.0546,-1.0546,-1.0546,-1.0546,-0.74467,-0.75181
194,-1.1214,-1.1214,-1.1214,-1.1214,-1.1214,-0.75181,-0.76166
195,-1.4229,-1.4229,-1.4229,-1.4229,-1.4229,-0.76166,-0.78567
196,-1.386,-1.386,-1.386,-1.386,-1.386,-0.78567,-0.80457
197,-1.4428,-1.4428,-1.4428,-1.4428,-1.4428,-0.80457,-0.82359
198,-1.077,-1.077,-1.077,-1.077,-1.077,-0.82359,-0.82348
199,-0.81243,-0.81243,-0.81243,-0.81243,-0.81243,-0.82348,-0.81099
200,-0.22757,-0.22757,-0.22757,-0.22757,-0.22757,-0.81099,-0.77019
201,0.089931,0.089931,0.089931,0.089931,0.089931,-0.77019,-0.71259
202,0.55102,0.55102,0.55102,0.55102,0.55102,-0.71259,-0.62569
203,0.61391,0.61391,0.61391,0.61391,0.61391,-0.62569,-0.53221
204,0.77467,0.77467,0.77467,0.77467,0.77467,-0.53221,-0.42496
205,0.58459,0.58459,0.58459,0.58459,0.58459,-0.42496,-0.33563
206,0.60739,0.60739,0.60739,0.60739,0.60739,-0.33563,-0.24799
207,0.41368,0.41368,0.41368,0.41368,0.41368,-0.24799,-0.1844
208,0.53402,0.53402,0.53402,0.53402,0.53402,-0.1844,-0.11396
209,0.46946,0.46946,0.46946,0.46946,0.46946,-0.11396,-0.05601
210,0.67432,0.67432,0.67432,0.67432,0.67432,-0.05601,0.016969
211,0.59846,0.59846,0.59846,0.59846,0.59846,0.016969,0.074978
212,0.6914,0.6914,0.6914,0.6914,0.6914,0.074978,0.1359
213,0.44727,0.44727,0.44727,0.44727,0.44727,0.1359,0.16625
214,0.39178,0.39178,0.39178,0.39178,0.39178,0.16625,0.18795
215,0.096791,0.096791,0.096791,0.096791,0.096791,0.18795,0.17892
216,0.13544,0.13544,0.13544,0.13544,0.13544,0.17892,0.17452
217,0.075717,0.075717,0.075717,0.075717,0.075717,0.17452,0.16475
218,0.43376,0.43376,0.43376,0.43376,0.43376,0.16475,0.19066
219,0.68584,0.68584,0.68584,0.68584,0.68584,0.19066,0.23771
220,1.2536,1.2536,1.2536,1.2536,1.2536,0.23771,0.3308
221,1.5493,1.5493,1.5493,1.5493,1.5493,0.3308,0.43444
222,1.9842,1.9842,1.9842,1.9842,1.9842,0.43444,0.55212
223,2.0164,2.0164,2.0164,2.0164,2.0164,0.55212,0.64737
224,2.1422,2.1422,2.1422,2.1422,2.1422,0.64737,0.72987
225,1.9131,1.9131,1.9131,1.9131,1.9131,0.72987,0.78365
226,1.8928,1.8928,1.8928,1.8928,1.8928,0.78365,0.82667
227,1.6521,1.6521,1.6521,1.6521,1.6521,0.82667,0.85191
228,1.7218,1.7218,1.7218,1.7218,1.7218,0.85191,0.87632
229,1.6032,1.6032,1.6032,1.6032,1.6032,0.87632,0.89249
230,1.7507,1.7507,1.7507,1.7507,1.7507,0.89249,0.91207
231,1.6145,1.6145,1.6145,1.6145,1.6145,0.91207,0.92397
232,1.6442,1.6442,1.6442,1.6442,1.6442,0.92397,0.93542
233,1.3343,1.3343,1.3343,1.3343,1.3343,0.93542,0.93465
234,1.2107,1.2107,1.2107,1.2107,1.2107,0.93465,0.92956
235,0.84557,0.84557,0.84557,0.84557,0.84557,0.92956,0.91146
236,0.81222,0.81222,0.81222,0.81222,0.81222,0.91146,0.8931
237,0.67894,0.67894,0.67894,0.67894,0.67894,0.8931,0.87032
238,0.96216,0.96216,0.96216,0.96216,0.96216,0.87032,0.86091
239,1.1384,1.1384,1.1384,1.1384,1.1384,0.86091,0.85984
240,1.6296,1.6296,1.6296,1.6296,1.6296,0.85984,0.87933
241,1.8484,1.8484,1.8484,1.8484,1.8484,0.87933,0.90457
242,2.2061,2.2061,2.2061,2.2061,2.2061,0.90457,0.93868
243,2.1614,2.1614,2.1614,2.1614,2.1614,0.93868,0.96545
244,2.2106,2.2106,2.2106,2.2106,2.2106,0.96545,0.98937
245,1.9055,1.9055,1.9055,1.9055,1.9055,0.98937,1.0008
246,1.8103,1.8103,1.8103,1.8103,1.8103,1.0008,1.008
247,1.4959,1.4959,1.4959,1.4959,1.4959,1.008,1.0054
248,1.4935,1.4935,1.4935,1.4935,1.4935,1.0054,1.003
249,1.3044,1.3044,1.3044,1.3044,1.3044,1.003,0.99532
250,1.3835,1.3835,1.3835,1.3835,1.3835,0.99532,0.99061
251,1.1811,1.1811,1.1811,1.1811,1.1811,0.99061,0.98009
252,1.1471,1.1471,1.1471,1.1471,1.1471,0.98009,0.96924
253,0.7762,0.7762,0.7762,0.7762,0.7762,0.96924,0.94673
254,0.59451,0.59451,0.59451,0.59451,0.59451,0.94673,0.91856
255,0.17435,0.17435,0.17435,0.17435,0.17435,0.91856,0.87435
256,0.08932,0.08932,0.08932,0.08932,0.08932,0.87435,0.82623
257,-0.092176,-0.092176,-0.092176,-0.092176,-0.092176,0.82623,0.76885
258,0.14645,0.14645,0.14645,0.14645,0.14645,0.76885,0.72466
259,0.28188,0.28188,0.28188,0.28188,0.28188,0.72466,0.6898
260,0.73612,0.73612,0.73612,0.73612,0.73612,0.6898,0.68449
261,0.92199,0.92199,0.92199,0.92199,0.92199,0.68449,0.69081
262,1.2509,1.2509,1.2509,1.2509,1.2509,0.69081,0.71549
263,1.1815,1.1815,1.1815,1.1815,1.1815,0.71549,0.73301
264,1.2103,1.2103,1.2103,1.2103,1.2103,0.73301,0.74986
265,0.88906,0.88906,0.88906,0.88906,0.88906,0.74986,0.74759
266,0.78201,0.78201,0.78201,0.78201,0.78201,0.74759,0.73974
267,0.46016,0.46016,0.46016,0.46016,0.46016,0.73974,0.71449
268,0.45452,0.45452,0.45452,0.45452,0.45452,0.71449,0.69044
269,0.26656,0.26656,0.26656,0.26656,0.26656,0.69044,0.65626
270,0.35101,0.35101,0.35101,0.35101,0.35101,0.65626,0.62941
271,0.15813,0.15813,0.15813,0.15813,0.15813,0.62941,0.59114
272,0.13784,0.13784,0.13784,0.13784,0.13784,0.59114,0.55345
273,-0.21538,-0.21538,-0.21538,-0.21538,-0.21538,0.55345,0.4909
274,-0.37546,-0.37546,-0.37546,-0.37546,-0.37546,0.4909,0.41747
275,-0.77021,-0.77021,-0.77021,-0.77021,-0.77021,0.41747,0.31167
276,-0.82619,-0.82619,-0.82619,-0.82619,-0.82619,0.31167,0.20444
277,-0.97512,-0.97512,-0.97512,-0.97512,-0.97512,0.20444,0.088852
278,-0.70059,-0.70059,-0.70059,-0.70059,-0.70059,0.088852,0.010118
279,-0.52609,-0.52609,-0.52609,-0.52609,-0.52609,0.010118,-0.043475
280,-0.029803,-0.029803,-0.029803,-0.029803,-0.029803,-0.043475,-0.042108
281,0.20087,0.20087,0.20087,0.20087,0.20087,-0.042108,-0.01783
282,0.57712,0.57712,0.57712,0.57712,0.57712,-0.01783,0.041638
283,0.55741,0.55741,0.55741,0.55741,0.55741,0.041638,0.092968
284,0.63802,0.63802,0.63802,0.63802,0.63802,0.092968,0.14666
285,0.37049,0.37049,0.37049,0.37049,0.37049,0.14666,0.16838
286,0.31872,0.31872,0.31872,0.31872,0.31872,0.16838,0.1828
287,0.053532,0.053532,0.053532,0.053532,0.053532,0.1828,0.17007
288,0.10565,0.10565,0.10565,0.10565,0.10565,0.17007,0.16365
289,-0.023703,-0.023703,-0.023703,-0.023703,-0.023703,0.16365,0.14521
290,0.11994,0.11994,0.11994,0.11994,0.11994,0.14521,0.14264
291,-0.013423,-0.013423,-0.013423,-0.013423,-0.013423,0.14264,0.12722
292,0.02585,0.02585,0.02585,0.02585,0.02585,0.12722,0.11716
293,-0.26802,-0.26802,-0.26802,-0.26802,-0.26802,0.11716,0.078966
294,-0.36922,-0.36922,-0.36922,-0.36922,-0.36922,0.078966,0.034282
295,-0.70584,-0.70584,-0.70584,-0.70584,-0.70584,0.034282,-0.039698
296,-0.70468,-0.70468,-0.70468,-0.70468,-0.70468,-0.039698,-0.10582
297,-0.79772,-0.79772,-0.79772,-0.79772,-0.79772,-0.10582,-0.1736
298,-0.46879,-0.46879,-0.46879,-0.46879,-0.46879,-0.1736,-0.20192
299,-0.24164,-0.24164,-0.24164,-0.24164,-0.24164,-0.20192,-0.20546
300,0.30534,0.30534,0.30534,0.30534,0.30534,-0.20546,-0.15575
301,0.5845,0.5845,0.5845,0.5845,0.5845,-0.15575,-0.082685
302,1.0068,1.0068,1.0068,1.0068,1.0068,-0.082685,0.02609
303,1.0306,1.0306,1.0306,1.0306,1.0306,0.02609,0.12588
304,1.1519,1.1519,1.1519,1.1519,1.1519,0.12588,0.22519
305,0.92199,0.92199,0.92199,0.92199,0.92199,0.22519,0.28996
306,0.90474,0.90474,0.90474,0.90474,0.90474,0.28996,0.34468
307,0.67075,0.67075,0.67075,0.67075,0.67075,0.34468,0.37201
308,0.75062,0.75062,0.75062,0.75062,0.75062,0.37201,0.40291
309,0.64543,0.64543,0.64543,0.64543,0.64543,0.40291,0.42131
310,0.80956,0.80956,0.80956,0.80956,0.80956,0.42131,0.451
311,0.69288,0.69288,0.69288,0.69288,0.69288,0.451,0.46776
312,0.74498,0.74498,0.74498,0.74498,0.74498,0.46776,0.48668
313,0.46002,0.46002,0.46002,0.46002,0.46002,0.48668,0.48126
314,0.36373,0.36373,0.36373,0.36373,0.36373,0.48126,0.46873
315,0.028038,0.028038,0.028038,0.028038,0.028038,0.46873,0.42993
316,0.026104,0.026104,0.026104,0.026104,0.026104,0.42993,0.39362
317,-0.074047,-0.074047,-0.074047,-0.074047,-0.074047,0.39362,0.35117
318,0.24377,0.24377,0.24377,0.24377,0.24377,0.35117,0.34032
319,0.45587,0.45587,0.45587,0.45587,0.45587,0.34032,0.34934
320,0.98389,0.98389,0.98389,0.98389,0.98389,0.34934,0.40292
321,1.2403,1.2403,1.2403,1.2403,1.2403,0.40292,0.46974
322,1.6361,1.6361,1.6361,1.6361,1.6361,0.46974,0.55535
323,1.6297,1.6297,1.6297,1.6297,1.6297,0.55535,0.62495
324,1.7172,1.7172,1.7172,1.7172,1.7172,0.62495,0.68741
325,1.4503,1.4503,1.4503,1.4503,1.4503,0.68741,0.72386
326,1.3928,1.3928,1.3928,1.3928,1.3928,0.72386,0.75171
327,1.1154,1.1154,1.1154,1.1154,1.1154,0.75171,0.76126
328,1.149,1.149,1.149,1.149,1.149,0.76126,0.77144
329,0.99481,0.99481,0.99481,0.99481,0.99481,0.77144,0.77259
330,1.1074,1.1074,1.1074,1.1074,1.1074,0.77259,0.77935
331,0.93696,0.93696,0.93696,0.93696,0.93696,0.77935,0.77676
332,0.93319,0.93319,0.93319,0.93319,0.93319,0.77676,0.77423
333,0.5905,0.5905,0.5905,0.5905,0.5905,0.77423,0.75404
334,0.43488,0.43488,0.43488,0.43488,0.43488,0.75404,0.72656
335,0.038488,0.038488,0.038488,0.038488,0.038488,0.72656,0.677
336,-0.025251,-0.025251,-0.025251,-0.025251,-0.025251,0.677,0.62456
337,-0.18806,-0.18806,-0.18806,-0.18806,-0.18806,0.62456,0.56214
338,0.066511,0.066511,0.066511,0.066511,0.066511,0.56214,0.52077
339,0.21504,0.21504,0.21504,0.21504,0.21504,0.52077,0.49338
340,0.67942,0.67942,0.67942,0.67942,0.67942,0.49338,0.5043
341,0.87239,0.87239,0.87239,0.87239,0.87239,0.5043,0.52853
342,1.2053,1.2053,1.2053,1.2053,1.2053,0.52853,0.57362
343,1.1367,1.1367,1.1367,1.1367,1.1367,0.57362,0.60746
344,1.1631,1.1631,1.1631,1.1631,1.1631,0.60746,0.63832
345,0.83628,0.83628,0.83628,0.83628,0.83628,0.63832,0.64438
346,0.72039,0.72039,0.72039,0.72039,0.72039,0.64438,0.64239
347,0.38647,0.38647,0.38647,0.38647,0.38647,0.64239,0.6188
348,0.36556,0.36556,0.36556,0.36556,0.36556,0.6188,0.59542
349,0.15916,0.15916,0.15916,0.15916,0.15916,0.59542,0.55904
350,0.22208,0.22208,0.22208,0.22208,0.22208,0.55904,0.52951
351,0.004635,0.004635,0.004635,0.004635,0.004635,0.52951,0.48517
352,-0.043163,-0.043163,-0.043163,-0.043163,-0.043163,0.48517,0.43949
353,-0.42672,-0.42672,-0.42672,-0.42672,-0.42672,0.43949,0.36356
354,-0.61987,-0.61987,-0.61987,-0.61987,-0.61987,0.36356,0.27341
355,-1.0503,-1.0503,-1.0503,-1.0503,-1.0503,0.27341,0.14631
356,-1.1443,-1.1443,-1.1443,-1.1443,-1.1443,0.14631,0.018195
357,-1.3336,-1.3336,-1.3336,-1.3336,-1.3336,0.018195,-0.11646
358,-1.1016,-1.1016,-1.1016,-1.1016,-1.1016,-0.11646,-0.2122
359,-0.97148,-0.97148,-0.97148,-0.97148,-0.97148,-0.2122,-0.28322
360,-0.52133,-0.52133,-0.52133,-0.52133,-0.52133,-0.28322,-0.30432
361,-0.33831,-0.33831,-0.33831,-0.33831,-0.33831,-0.30432,-0.30653
362,-0.011036,-0.011036,-0.011036,-0.011036,-0.011036,-0.30653,-0.27852
363,-0.0808,-0.0808,-0.0808,-0.0808,-0.0808,-0.27852,-0.25946
364,-0.0511,-0.0511,-0.0511,-0.0511,-0.0511,-0.25946,-0.23933
365,-0.37017,-0.37017,-0.37017,-0.37017,-0.37017,-0.23933,-0.2512
366,-0.47385,-0.47385,-0.47385,-0.47385,-0.47385,-0.2512,-0.27147
367,-0.79108,-0.79108,-0.79108,-0.79108,-0.79108,-0.27147,-0.3184
368,-0.79088,-0.79088,-0.79088,-0.79088,-0.79088,-0.3184,-0.35942
369,-0.97178,-0.97178,-0.97178,-0.97178,-0.97178,-0.35942,-0.4106
370,-0.87905,-0.87905,-0.87905,-0.87905,-0.87905,-0.4106,-0.44729
371,-1.0624,-1.0624,-1.0624,-1.0624,-1.0624,-0.44729,-0.49358
372,-1.0721,-1.0721,-1.0721,-1.0721,-1.0721,-0.49358,-0.53407
373,-1.4134,-1.4134,-1.4134,-1.4134,-1.4134,-0.53407,-0.59279
374,-1.5605,-1.5605,-1.5605,-1.5605,-1.5605,-0.59279,-0.65132
375,-1.941,-1.941,-1.941,-1.941,-1.941,-0.65132,-0.72174
376,-1.9817,-1.9817,-1.9817,-1.9817,-1.9817,-0.72174,-0.78053
377,-2.1141,-2.1141,-2.1141,-2.1141,-2.1141,-0.78053,-0.8342
378,-1.822,-1.822,-1.822,-1.822,-1.822,-0.8342,-0.86553
379,-1.6289,-1.6289,-1.6289,-1.6289,-1.6289,-0.86553,-0.8842
380,-1.1129,-1.1129,-1.1129,-1.1129,-1.1129,-0.8842,-0.87987
381,-0.86143,-0.86143,-0.86143,-0.86143,-0.86143,-0.87987,-0.86549
382,-0.46338,-0.46338,-0.46338,-0.46338,-0.46338,-0.86549,-0.83453
383,-0.46028,-0.46028,-0.46028,-0.46028,-0.46028,-0.83453,-0.80458
384,-0.35588,-0.35588,-0.35588,-0.35588,-0.35588,-0.80458,-0.77058
385,-0.59867,-0.59867,-0.59867,-0.59867,-0.59867,-0.77058,-0.75106
386,-0.62475,-0.62475,-0.62475,-0.62475,-0.62475,-0.75106,-0.7343
387,-0.86337,-0.86337,-0.86337,-0.86337,-0.86337,-0.7343,-0.73213
388,-0.78379,-0.78379,-0.78379,-0.78379,-0.78379,-0.73213,-0.72573
389,-0.88484,-0.88484,-0.88484,-0.88484,-0.88484,-0.72573,-0.7256
390,-0.71207,-0.71207,-0.71207,-0.71207,-0.71207,-0.7256,-0.71572
391,-0.81552,-0.81552,-0.81552,-0.81552,-0.81552,-0.71572,-0.71264
392,-0.74557,-0.74557,-0.74557,-0.74557,-0.74557,-0.71264,-0.70581
393,-1.008,-1.008,-1.008,-1.008,-1.008,-0.70581,-0.71476
394,-1.0771,-1.0771,-1.0771,-1.0771,-1.0771,-0.71476,-0.72658
395,-1.381,-1.381,-1.381,-1.381,-1.381,-0.72658,-0.75342
396,-1.3464,-1.3464,-1.3464,-1.3464,-1.3464,-0.75342,-0.77471
397,-1.4055,-1.4055,-1.4055,-1.4055,-1.4055,-0.77471,-0.79604
